#,Perso,serie,classe,URL image,Épique,Rare,Non-commun,Commun
1,Aang,atla,high,https://cdn.discordapp.com/attachments/820978677172928574/822173605700960296/WST_Aang.png,un portrait d'Ozai en nouilles,un baton volant,des cacahuètes,une prestation de jonglage de billes
2,Sokka,atla,high,https://cdn.discordapp.com/attachments/820978677172928574/821068770793095188/WST_Sokka.png,son épée en météorite,son boomerang,un verre de jus de cactus,une blague pas drôle
3,Katara,atla,high,https://cdn.discordapp.com/attachments/820978677172928574/821069318388318248/WST_Katara.png,une fiole d'eau de l'Oasis aux Esprits,son collier,un parchemin de Maîtrise de l'Eau,un discours sur l'importance de l'espoir
4,Toph,atla,high,https://cdn.discordapp.com/attachments/820978677172928574/821070099448463360/WST_Toph.png,une statue d'elle,son bracelet météorite,la prestigieuse ceinture du Tournoi de Jets de Pierre,une pastèque
5,Zuko,atla,high,https://cdn.discordapp.com/attachments/820978677172928574/822080295913914418/WST_Zuko.png,son honneur,ses deux épées,un Agni Kai,un poster de recherche de l'Avatar
6,Suki,atla,high,https://cdn.discordapp.com/attachments/820978677172928574/821122373801345044/WST_Suki.png,un dirigeable de la Nation du Feu,un éventail de combat,un kimono,du maquillage Kyoshi
7,Appa,atla,high,https://cdn.discordapp.com/attachments/820978677172928574/821123331008364584/WST_Appa.png,un casque de Samouraï,une de ses empreintes,une léchouille bien baveuse,une touffe de poils
8,Momo,atla,high,https://cdn.discordapp.com/attachments/820978677172928574/821122368143097866/WST_Momo.png,un katana,un vautour-guêpe,un fruit à moitié croqué,"rien, c'est un lémurien"
9,Azula,atla,regular,https://cdn.discordapp.com/attachments/820978677172928574/821122410890920036/WST_Azula.png,Lo ou Li (elle ne sait plus qui est qui),une foreuse,un train blindé,des cendres (c'était sûrement un joli cadeau)
10,Iroh,atla,regular,https://cdn.discordapp.com/attachments/820978677172928574/821122362170277888/WST_Iroh.png,un conseil philosophique sur ta vie,une corne de Tsungi,une tuile de Pai Sho,une tasse de thé
11,Mai,atla,regular,https://cdn.discordapp.com/attachments/820978677172928574/821122366418583562/WST_Mai.png,un sourire,un coquillage brillant,un poignard,un regard indifférent
12,Ty Lee,atla,regular,https://cdn.discordapp.com/attachments/820978677172928574/821122375483392050/WST_TyLee.png,"une photo d'Azula, Mai, Zuzu et elle",une serviette de plage,une roue (la figure hein pas l'objet...),un sourire
13,Bumi,atla,low,https://cdn.discordapp.com/attachments/820978677172928574/821122425969311794/WST_Bumi.png,de la Jennamite,une leçon de maîtrise de la terre,une tuile de Pai Sho,une devinette
14,Ozai,atla,regular,https://cdn.discordapp.com/attachments/820978677172928574/821122369308459008/WST_Ozai.png,"un sabre laser (t'as vu, c'est Mark Hamill)",un bannissement,une cicatrice au visage,un rire diabolique
15,Jet,atla,regular,https://cdn.discordapp.com/attachments/820978677172928574/821122366901452840/WST_Jet.png,un tonneau de gelée explosive,ses crochets du tigre,un casque trop grand,une brindille
16,Jeong Jeong,atla,low,https://cdn.discordapp.com/attachments/820978677172928574/821122362945699900/WST_Jeong_Jeong.png,un discours déprimant sur la guerre,une leçon de maîtrise du feu,une tuile de Pai Sho,un reproche
17,Piandao,atla,low,https://cdn.discordapp.com/attachments/820978677172928574/821122372354179152/WST_Piandao.png,un kit pour faire sa propre épée,un cours d'escrime,une tuile de Pai Sho,une calligraphie
18,Bosco,atla,regular,https://cdn.discordapp.com/attachments/820978677172928574/821122423691804712/WST_Bosco.png,un fort de guerre,son chapeau,les restes de son repas,un rugissement
19,Pakku,atla,low,https://cdn.discordapp.com/attachments/820978677172928574/821122370554036224/WST_Pakku.png,un livre sur les traditions de la TE (Auteur : M. Pakku),une leçon de la maîtrise de l'eau,une tuile de Pai Sho,une stalactite
20,Yue,atla,regular,https://cdn.discordapp.com/attachments/820978677172928574/821700125931733022/WST_Yue.png,un joli clair de lune,une broche appartenant à sa famille,une visite de l'oasis,une balade sur les canaux
21,Long Feng,atla,regular,https://cdn.discordapp.com/attachments/820978677172928574/821339583358566410/WST_LongFeng.png,un nouveau prénom : tu t'appelles Joo Dee,un spectacle son et lumière de lanternes qui tournent,le chapeau du Dai Li,une invitation au lac Laogai
22,Le Rock,atla,regular,https://cdn.discordapp.com/attachments/820978677172928574/821339579301756938/WST_LeRock.png,une photo de Dwayne Johnson,une photo dédicacée de lui-même,des billets pour le Tournoi de Jets de Pierre,un caillou de compagnie
23,Hama,atla,regular,https://cdn.discordapp.com/attachments/820978677172928574/821339565640908836/WST_Hama.png,une censure Netflix,un rat-éléphant,une marionette,un peigne de la TE
24,Kyoshi,atla,regular,https://cdn.discordapp.com/attachments/820978677172928574/821339574294806558/WST_Kyoshi.png,sa biographie en deux volumes,un éventail de combat,une paire de bottes taille 45,un beignet pas frit
25,Kuruk,atla,regular,https://cdn.discordapp.com/attachments/820978677172928574/821339568720052250/WST_Kuruk.png,une planche de surf,un manteau en chien-ours polaire,un conseil de drague,une boîte vide (il a oublié le cadeau)
26,Yangchen,atla,regular,https://cdn.discordapp.com/attachments/820978677172928574/821339563632492554/WST_Yangchen.png,un poisson-grue,ton propre bison-volant,un collier de méditation,une pomme
27,Roku,atla,regular,https://cdn.discordapp.com/attachments/820978677172928574/821700129177206815/WST_Roku.png,Fang (son dragon rouge),la broche des héritiers de la famille royale,de la roche volcanique,des visions
28,Korra,tlok,high,https://cdn.discordapp.com/attachments/820978677172928574/822080433646862346/WST_Korra.png,un voyage dans le monde des esprits,un livre normalisant les règles du Pai Sho,un paravent millénaire un peu noirci sur les bords,son brassard
29,Asami,tlok,high,https://cdn.discordapp.com/attachments/820978677172928574/824627040430456842/WST_Asami.png,une satomobile dernier cri,un travail chez Future Industries,un dîner chez Kwong's Cuisine,un trajet en scooter
30,Mako,tlok,high,https://cdn.discordapp.com/attachments/820978677172928574/822195899777548398/WST_Mako.png,son écharpe rouge,un uniforme de Fire Ferret,ses sourcils,une contravention : fallait pas te garer là
31,Bolin,tlok,high,https://cdn.discordapp.com/attachments/820978677172928574/822194460716302436/WST_Bolin.png,une invitation à l'avant-première du prochain mover de Varrick,une affiche dédicacée de Nuktuk,un bol de nouilles de chez Narook,un disque de probending
32,Naga,tlok,high,https://cdn.discordapp.com/attachments/820978677172928574/822194504236138556/WST_Naga.png,une balade sur son dos,sa selle,une léchouille,rien : c'est un chien-ours-polaire
33,Pabu,tlok,high,https://cdn.discordapp.com/attachments/820978677172928574/822194507763286036/WST_Pabu.png,un spectacle d'acrobaties,une tenue de mascotte des Fire Ferrets,une peluche de Nuktuk,un regard adorable :3
34,Tenzin,tlok,high,https://cdn.discordapp.com/attachments/820978677172928574/822194517327085579/WST_Tenzin.png,une tenue ancestrale des nomades de l'air,une tenue de la nation de l'air,une cloche de méditation,une anecdote sur le jeûne du moine Tang Xu
35,Meelo,tlok,regular,https://cdn.discordapp.com/attachments/820978677172928574/822196264023621656/WST_Meelo.png,son autoportrait en empereur,un cours de dressage de lémurien,des brioches avec un visage souriant,une crotte de nez... c'est dégueulasse
36,Ikki,tlok,regular,https://cdn.discordapp.com/attachments/820978677172928574/822194475278401537/WST_Ikki.png,une oeuvre d'art à la puissance émotionnelle brute,une dinette pour bébé bisons-volants,une info inutile sur l'île du temple,une branche d'un des 10 552 arbres de l'île du temple
37,Jinora,tlok,regular,https://cdn.discordapp.com/attachments/820978677172928574/822194484318175282/WST_Jinora.png,un deus ex machina,une liane spirituelle,une histoire sur l'aventure de ses grands parents,un livre sur les traditions des nomades de l'air
38,Lin,tlok,regular,https://cdn.discordapp.com/attachments/820978677172928574/822080437018034226/WST_Lin.png,un poste d'inspecteur de la police de Republic City,un uniforme de la police de Republic City,un séjour en garde à vue,une mise en garde agressive
39,Suyin,tlok,regular,https://cdn.discordapp.com/attachments/820978677172928574/822198211547889684/WST_Suyin.png,une statue en métal de Toph,une initiation à la maîtrise du métal,une tunique du clan du métal,un bout de météorite
40,Hiroshi,tlok,regular,https://cdn.discordapp.com/attachments/820978677172928574/822194471621230612/WST_Hiroshi.png,un mécha,une scie à plasma,un gant électrique,un sponsor
41,Wu,tlok,regular,https://cdn.discordapp.com/attachments/820978677172928574/822194552882069504/WST_Wu.png,la broche royale,la médaille Kyoshi de la liberté,des beignets de poulpe frits,une chanson improvisée
42,Amon,tlok,regular,https://cdn.discordapp.com/attachments/820978677172928574/822194560335478824/WST_Amon.png,son masque,"un... ah zut non, il vient de te retirer ta maîtrise",une vraie fausse histoire de famille tragique,un plan des sous-sols de Republic City
43,Unalaq,tlok,regular,https://cdn.discordapp.com/attachments/820978677172928574/822194540571656202/WST_Unalaq.png,un esprit corrrompu,la technique d'apaisement des esprits,un livre sur les esprits,une remarque condescendante
44,Zaheer,tlok,regular,https://cdn.discordapp.com/attachments/820978677172928574/822080424720203808/WST_Zaheer.png,rien : renonce à tes possessions terrestres,un poème du Gourou Laghima,une fleur de lotus rouge,"un bol de riz (à économiser, la relève ne vient que dans 3 semaines)"
45,Kuvira,tlok,regular,https://cdn.discordapp.com/attachments/820978677172928574/822080434837782588/WST_Kuvira.png,un colosse de métal,un uniforme de l'empire,un spectacle de danse,une médaille broyée
46,Ming Hua,tlok,regular,https://cdn.discordapp.com/attachments/820978677172928574/822080439865835520/WST_MingHua.png,une marionnette d'eau,une anecdote sur l'un de ses geoliers,une fleur de lotus rouge,un chocolat
47,P'Li,tlok,regular,https://cdn.discordapp.com/attachments/820978677172928574/822080443678588978/WST_PLi.png,un tatouage d'oeil,l'adresse de son coiffeur,une fleur de lotus rouge,un feu d'artifice (un peu près quand même..)
48,Ghazan,tlok,regular,https://cdn.discordapp.com/attachments/820978677172928574/822194466978922598/WST_Ghazan.png,un volcan en forme de coeur,les noms qu'il a donné aux constellations,une fleur de lotus rouge,un morceau d'obsidienne
49,Baatar Jr.,tlok,regular,https://cdn.discordapp.com/attachments/820978677172928574/822194458043875338/WST_BaatarJr.png,sa bague de fiançailles,des plans pour construire... hé mais c'est un mécha !,les plans de la station de train de Zaofu,ses lunettes
50,Iroh II,tlok,regular,https://cdn.discordapp.com/attachments/820978677172928574/822194477195853854/WST_IrohII.png,un poste de soldat dans la marine des Forces Unies,un biplan,un regard de braise,la manche de son uniforme d'officier
51,Izumi,tlok,regular,https://cdn.discordapp.com/attachments/820978677172928574/822194481322524682/WST_Izumi.png,une tunique de Seigneur du Feu,l'arbre généalogique de la famille royale de la Nation du Feu,une alliance diplomatique,ses lunettes
52,Tonraq,tlok,regular,https://cdn.discordapp.com/attachments/820978677172928574/822194537018425354/WST_Tonraq.png,"la peluche de Korra quand elle était petite, elle est un peu brûlée",une visite du portail spirituel du pôle sud,une moto-neige,une peluche gagnée au festival des esprits du froid
53,Eska et Desna,tlok,regular,https://cdn.discordapp.com/attachments/820978677172928574/822194463819825253/WST_EskaDesna.png,un voyage vers le monde des esprits,un side-car,une baignoire,un collier de fiançailles
54,Varrick,tlok,regular,https://cdn.discordapp.com/attachments/820978677172928574/822080447692406845/WST_Varrick.png,un rôle dans son prochain mover,"Zhu-Li (le bateau, pas son assistante, hein !)",un service de Zhu Li,un Varri-coussin de lévitation
55,Zhu Li,tlok,regular,https://cdn.discordapp.com/attachments/820978677172928574/822080426653777961/SWT_ZhuLi.png,The thing™,un créneau entre 12h et 12h23 pour une réunion avec Varrick,"un tournevis, si Varrick lui a demandé",une carte de visite de Varrick
56,Raiko,tlok,regular,https://cdn.discordapp.com/attachments/820978677172928574/822194513044176976/WST_Raiko.png,une statue dans un parc,les clefs de la ville,une promesse électorale,"un badge ""Votez Raiko"""
57,Le Marchand de Chou,atla,high,https://cdn.discordapp.com/attachments/820978677172928574/824704912289824799/WST_MarchandDeChou.png,un chou,un chou,un chou,un chou
58,Guru Pathik,atla,regular,https://cdn.discordapp.com/attachments/820978677172928574/821376762298236989/WST_GourouPathik.png,un cours sur les chakras,du jus d'oignon et de banane (nan mais vraiment...C'est un ermite),du jus d'oignon et de banane (il a que ça c'est un ermite...),du jus d'oignon et de banane
59,June,atla,regular,https://cdn.discordapp.com/attachments/820978677172928574/821376775372013588/WST_June.png,les services de Nyla (c'est son Shirshu...),ta part pour la capture de l'Avatar,un fouet,un avis de recherche
60,Bato,atla,regular,https://cdn.discordapp.com/attachments/820978677172928574/821376760812929054/WST_Bato.png,son bateau (le bateau de Bato),une Marque pour ton baptème de glace,un ragoût de mollusques,des fourrures de la Tribu de l'Eau du Sud
61,Kuei,atla,regular,https://cdn.discordapp.com/attachments/820978677172928574/821376784766599238/WST_Kuei.png,Bosco,sa couronne,un entretien avec Long Feng,un banquet
62,Gyatso,atla,low,https://cdn.discordapp.com/attachments/820978677172928574/821376766315986944/WST_Gyatso.png,un tatouage de maître de l'Air,une leçon de maîtrise de l'air,son collier de grand-maître de l'Air,des tartes aux fruits
63,Haru,atla,regular,https://cdn.discordapp.com/attachments/820978677172928574/821376771411935253/WST_Haru.png,un coup de main (il est VRAIMENT sympa),sa moustache,du charbon,un coup de main (qu'est-ce qu'il est sympa)
64,Sozin,atla,regular,https://cdn.discordapp.com/attachments/820978677172928574/821376802253570099/WST_Sozin.png,un dragon bleu,une comète,un bateau de guerre,de l'ambition
65,Wan,tlok,low,https://cdn.discordapp.com/attachments/820978677172928574/822198412689539162/WST_Wan.png,une théière qui parle,un Cerf-Chat,un costume de buisson,du pain
66,Wan Shi Tong,esprits,low,https://cdn.discordapp.com/attachments/820978677172928574/821376807592656916/WST_WanShiTong.png,un BOT discord,le chapeau de Zei,un renard-esprit,du sable
67,Koh,esprits,low,https://cdn.discordapp.com/attachments/820978677172928574/821376780790530118/WST_Koh.png,le visage d'un esprit que tu ne connais pas,le visage d'un animal que tu ne connais pas,le visage d'une femme que tu ne connais pas,le visage d'un homme que tu ne connais pas
68,La Dame Peinte,esprits,low,https://cdn.discordapp.com/attachments/820978677172928574/821376791327014972/WST_LaDamePeinte.png,un remerciement (pour avoir fait le taf à sa place),un jet-ski,un chapeau,du maquillage
69,Zhao,atla,regular,https://cdn.discordapp.com/attachments/820978677172928574/821376813829455933/WST_Zhao.png,un poisson-esprit,un archer Yuyan,un rouleau secret,du poisson frit
70,Lieutenant,tlok,regular,https://cdn.discordapp.com/attachments/820978677172928574/822198525014048808/WST_Lieutenant.png,ses matraques électriques,sa moustache,un prospectus égalitariste,un cookie
71,Tortue-Lion,esprits,low,https://cdn.discordapp.com/attachments/820978677172928574/822194529833582632/WST_TL_Feu.png,une écaille scintillante alizarine,la Maîtrise du Feu,une braise,une écaille
72,Tortue-Lion,esprits,low,https://cdn.discordapp.com/attachments/820978677172928574/822194521534234714/WST_TL_Air.png,une écaille scintillante tourdille,la Maîtrise de l'Air,une brise,une écaille
73,Tortue-Lion,esprits,low,https://cdn.discordapp.com/attachments/820978677172928574/822194525090086922/WST_TL_Eau.png,une écaille scintillante céruléenne,la Maîtrise de l'Eau,une goutte d'eau,une écaille
74,Tortue-Lion,esprits,low,https://cdn.discordapp.com/attachments/820978677172928574/822194531935715338/WST_TL_Terre.png,une écaille scintillante sinople,la Maîtrise de la Terre,un galet,une écaille
75,Opal Masquée,avril21,event,https://cdn.discordapp.com/attachments/820978677172928574/826024315061141515/WST_OpalMasque.png,un masque de bal,une danse,♪ Décalécatan ♪,♪ Ohé Ohé ! ♪
76,Les démons de Ming Hua,avril21,event,https://cdn.discordapp.com/attachments/820978677172928574/826024280932352030/WST_LesDemonsDeMingHua.png,les fantômes de l'ennui,♪ Ils m'entrainent jusqu'à l'insomnie ♪,♪ Ils m'entrainent au bout de la nuit ♪,un peu de chaleur au fond de ton coeur
77,Le mur du Sozin,avril21,event,https://cdn.discordapp.com/attachments/820978677172928574/826025620092878878/WST_LeMurDuSozin.png,un bandana,♪ Sans poser de questions ♪,♪ Passer le mur du son son ♪,♪ faut que ça bounce ♪
78,Les Lacs du Korramara,avril21,event,https://cdn.discordapp.com/attachments/820978677172928574/826032025974603826/WST_LesLacsDuKorramara.png,des Lacs,♪ au vent ♪,♪ brulée ♪,♪ Terre ♪
79,La tribu de Desna,avril21,event,https://cdn.discordapp.com/attachments/820978677172928574/826880391339835432/WST_LeTribuDeDesna.png,des chants de guerre près des tombeaux,les échos,♪ Dans la vallée oh oh ♪,un air de cornemuse qui ne sortira pas de ta tête
80,J'ai demandé à Yue,avril21,event,https://cdn.discordapp.com/attachments/820978677172928574/826024247817404416/WST_JaiDemandeAYue.png,le numéro d'un aventurier,une moquerie,l'ignorance du Soleil,une oreille attentive
81,Manu Zhao,avril21,event,https://cdn.discordapp.com/attachments/820978677172928574/826024308265713684/WST_ManuZhao.png,son portefeuille,♪ Mala Vida ♪,♪ Bongo Bong ♪,♪ Me gustas tu ♪
82,La Raavanaise,avril21,event,https://cdn.discordapp.com/attachments/820978677172928574/826030073642876928/WST_LaRavaanaise3.png,le temps d'une chanson,♪ Ne vous déplaise ♪,son amour,une danse
83,La P'Li en rose,avril21,event,https://cdn.discordapp.com/attachments/820978677172928574/826024250967588914/WST_LaPliEnRose.png,son coeur qui bat,"une entrée dans son coeur, une part de bonheur",des Momos de tous les jours,des Momos d'amour
84,Les Momos bleus,avril21,event,https://cdn.discordapp.com/attachments/820978677172928574/826024294164725771/WST_LesMomoBleus.png,♪ tous les Momos bleus♪,nos retrouvailles,une rencontre,"♪ Je lui dirai les Momos bleus, les Momos qu'on dit avec les yeux ♪"
85,Finn,at,high,https://cdn.discordapp.com/attachments/820978677172928574/874760535265128499/WST_at-finn.png,le seul vrai cadeau : l'Amitié,son bras métallique,son épée Scarlet,sa cagoule blanche
86,Jake,at,high,https://cdn.discordapp.com/attachments/820978677172928574/874760540164067328/WST_at-jake.png,BMO,un pantalon invisible en toile d'araignée,une chanson,des pancakes au bacon
87,Marceline,at,regular,https://cdn.discordapp.com/attachments/820978677172928574/874760544953970718/WST_at-marceline.png,son ours en peluche Hambo,sa guitare basse rouge taillée dans une hache,son chapeau anti-soleil,des frites
88,Princesse Bubblegum,at,regular,https://cdn.discordapp.com/attachments/820978677172928574/874760529623785504/WST_at-bubblegum.png,son t-shirt de rock préféré,sa couronne,un garde banane,un bonbon
89,Aang,atlacf,low,https://cdn.discordapp.com/attachments/820978677172928574/874771057393959013/WST_atla-aang.png,des tatouages de nomade de l'air,un tour en bison volant,son baton volant,un fruit à moitié croqué ramené par Momo
90,Katara,atlacf,high,https://cdn.discordapp.com/attachments/820978677172928574/874771060472545351/WST_atla-katara.png,de l'eau de l'oasis des esprits,un parchemin de maîtrise de l'eau,une gourde,un commentaire rabroueur
91,Sokka,atlacf,high,https://cdn.discordapp.com/attachments/820978677172928574/874771064218058752/WST_atla-sokka.png,son épée en météorite,un casque de guerrier-loup,son boomerang,une blague
92,Toph,atlacf,regular,https://cdn.discordapp.com/attachments/820978677172928574/874771067783245874/WST_atla-toph.png,une statue d'elle en métal,un cours de maîtrise de la terre avec des taupes-blaireaux,une pastèque,un caillou
93,Zuko,atlacf,regular,https://cdn.discordapp.com/attachments/820978677172928574/874771073118404638/WST_atla-zuko.png,son honneur,une danse avec les dragons,un thé avec l'oncle Iroh,un masque bleu... que tu as déjà vu quelque part...
94,Carmen Sandiego,carmen,low,https://cdn.discordapp.com/attachments/820978677172928574/874343123474579486/WST_carmen-CarmenSandiego.png,l'emplacement de son GPS,le contact de Player,son chapeau,un cours de géographie (completé par Player)
95,Chase Devineaux,carmen,high,https://cdn.discordapp.com/attachments/820978677172928574/874343131020132382/WST_carmen-ChaseDevineaux.png,l'emplacement de l'ile de V.I.L.E.,une exclamation avec un accent français très prononcé,un capot de voiture enfoncé,des bonbons à la menthe
96,Ivy,carmen,high,https://cdn.discordapp.com/attachments/820978677172928574/874343137332563988/WST_carmen-Ivy.png,l'emplacement de Zack,un drone rouge,une révision de voiture,un déguisement de Carmen mauvaise qualité
97,Julia Argent,carmen,regular,https://cdn.discordapp.com/attachments/820978677172928574/874343140331487333/WST_carmen-JuliaArgent.png,l'emplacement d'un trésor perdu inestimable,un cours d'histoire sur l'antiquité,un stylo A.C.M.E.,une déduction timide
98,Player,carmen,regular,https://cdn.discordapp.com/attachments/820978677172928574/874343147344367636/WST_carmen-Player.png,l'emplacement de Carmen Sandiego,un jeu d'aventure éducatif,un guide touristique d'une ville de ton choix,un cours de géographie (completé par Carmen)
99,Zack,carmen,high,https://cdn.discordapp.com/attachments/820978677172928574/874343154625691748/WST_carmen-Zack.png,l'emplacement de sa voiture,un tour de Boston en voiture,un maillot de baseball des Red Sox,une indication avec un accent incompréhensible
100,Dipper,gf,high,https://cdn.discordapp.com/attachments/820978677172928574/874338103274401883/WST_GF_Dipper.png,un livre mysterieux avec marqué 3 sur fond de main dorée,son clone #7,une doudoune sans manches,une casquette Mystery Shack
101,Grunkle Stan,gf,regular,https://cdn.discordapp.com/attachments/820978677172928574/874338108563402782/WST_GF_GrunkleStan.png,un livre mysterieux avec marqué 1 sur fond de main dorée,une réduction de 15%* sur un article *soumis à conditions,une veste de costume (ça fera 350$),un fez (ça fera 25$)
102,Mabel,gf,high,https://cdn.discordapp.com/attachments/820978677172928574/874338114733240370/WST_GF_Mabel.png,un goûter avec elle et son cochon,un spectacle de marionnettes,un gros pull en laine,un serre-tête
103,Soos,gf,high,https://cdn.discordapp.com/attachments/820978677172928574/874338121649635369/WST_GF_Soos.png,un thé avec lui et sa grand-mère,un sandwich,un t-shirt Mystery Shack,une casquette marron
104,Wendy,gf,regular,https://cdn.discordapp.com/attachments/820978677172928574/874338129132265502/WST_GF_Wendy.png,un passe-droit à la piscine avec un clin d'oeil,une hache,une chemise en flanelle,une chapka
105,Five,gt,regular,https://cdn.discordapp.com/attachments/820978677172928574/874403705791840267/WST_GT-Hi5.png,un anniversaire avec Ralphie Bear,un tutoriel très important,un hot-dog du food truck de son grand-père,une partie avec lui
106,Miko,gt,regular,https://cdn.discordapp.com/attachments/820978677172928574/874403708832710686/WST_GT-Miko.png,son meilleur score,Ally (son autruche virtuelle),sa console Hinobi,une partie avec elle
107,Harley Quinn,harley,low,https://cdn.discordapp.com/attachments/820978677172928574/874749878780194836/WST_harley-harley.png,une avancée féministe dans la violence,une consultation avec Harleen Quinzel,une batte de baseball customisée,une figure de gymnastique
108,Poison Ivy,harley,low,https://cdn.discordapp.com/attachments/820978677172928574/874749536885686372/WST_harley-ivy.png,une avancée écologiste dans la violence,l'antidote à son poison avec applicateur,du poison basé sur ses phéromones,570L de mélange à Margarita
109,Alfur,hilda,low,https://cdn.discordapp.com/attachments/820978677172928574/874406827142557807/WST_hilda-Alfur.png,le dernier document à signer (vous pouvez maintenant voir Alfur),encore un document à signer,un autre document à signer,un document à signer
110,David,hilda,regular,https://cdn.discordapp.com/attachments/820978677172928574/874406830330216469/WST_hilda-David.png,"un caillou de sa collection (AU SECOURS, C'EST UN TROLL)",un bandeau,un cauchemar,un insecte
111,Frida,hilda,regular,https://cdn.discordapp.com/attachments/820978677172928574/874406834646175874/WST_hilda-Frida.png,"""La légende du grand roi Condon"" son livre préféré",la résolution d'une énigme,un badge des Scouts-Moineaux,un classeur
112,Hilda,hilda,high,https://cdn.discordapp.com/attachments/820978677172928574/874406838588829726/WST_hilda-Hilda.png,un câlin de sa maman,des conseils sur comment amadouer un troll,une aventure,un dessin de son carnet
113,Grace,it,regular,https://cdn.discordapp.com/attachments/820978677172928574/874782035938521188/WST_it-Grace.png,une désillusion profondément transformatrice,un exercice de respiration,ses gants,un rouge à lèvres
114,Hazel,it,regular,https://cdn.discordapp.com/attachments/820978677172928574/874782038950023198/WST_it-Hazel.png,une nouvelle perception de soi,la berceuse de Tuba,une cravate,la feuille qui traine dans ses cheveux
115,Jesse,it,regular,https://cdn.discordapp.com/attachments/820978677172928574/874782042850746449/WST_it-Jesse.png,une place pour le concours de natation,un selfie avec lui,un surnom horrible,son amitié
116,Lake,it,low,https://cdn.discordapp.com/attachments/820978677172928574/874782047296716850/WST_it-Lake.png,ta propre identité,un reflet et une réflexion,un spray noir,une pichenette
117,Min-Gi,it,regular,https://cdn.discordapp.com/attachments/820978677172928574/874782050681495562/WST_it-MinGi.png,un t-shirt Chicken Choice Judy,son stylophone,les clefs du Dumpty Diner,un tablier
118,One-One,it,high,https://cdn.discordapp.com/attachments/820978677172928574/874782054691241994/WST_it-OneOne.png,une sortie,une cassette,une nécrologie,un billet de train
119,Randall,it,high,https://cdn.discordapp.com/attachments/820978677172928574/874782058688426074/WST_it-Randall.png,Randall,un entretien avec le service client,de l'eau,un perce-donut
120,Ryan,it,regular,https://cdn.discordapp.com/attachments/820978677172928574/874782063755145236/WST_it-Ryan.png,un t-shirt Chicken Choice Judy,sa guitare Airline éléctrique rouge,les clefs du van de son père,un bandana
121,Simon,it,regular,https://cdn.discordapp.com/attachments/820978677172928574/874782068482138172/WST_it-Simon.png,une folie destructrice,une rancune tenace,un harpoon pack,un rouge à lèvres
122,Tulip,it,high,https://cdn.discordapp.com/attachments/820978677172928574/874782073615970325/WST_it-Tulip.png,une place dans la colo de Game Design à Oshkosh,"un livre ""le code pour les nuls""",un jeu vidéo (pas fini),un oignon
123,Benson,kipo,regular,https://cdn.discordapp.com/attachments/820978677172928574/874698594463129620/WST_Kipo-Benson.png,une chorégraphie de hip hop,un disc-man,un billet pour le parc d'attraction Ratland,"une cannette de soda ""Explosion Berry Cola"""
124,Dave,kipo,regular,https://cdn.discordapp.com/attachments/820978677172928574/874750176575766588/WST_Kipo-Dave.png,une canne,des ailes,des boutons d'acné,un cri de nouveau-né
125,Hugo,kipo,regular,https://cdn.discordapp.com/attachments/820978677172928574/874393114704486400/WST_Kipo-Hugo.png,une couverture bleue étoilée,une fiole de phéromones,une partition de piano,des vêtements nobles
126,Kipo,kipo,high,https://cdn.discordapp.com/attachments/820978677172928574/874393120375181332/WST_Kipo-Kipo.png,"le journal ""Kipo Project""",une photo de sa famille,de la fourrure de Méga-Lapin,un kit d'escalade
127,Wolf,kipo,low,https://cdn.discordapp.com/attachments/820978677172928574/874393123336376350/WST_Kipo-Wolf.png,une veste en peau de loup,une réplique de Stalky,une boîte de chocolats,une fleur
128,Richard Aldana,lastman,regular,https://cdn.discordapp.com/attachments/820978677172928574/874702954253414460/WST_lastman-Richard.png,un pot de moutarde (il faut faire attention cependant),un partenariat pour la cup de la FFFC,des gants officiels de la FFFC,un pain dans la tronche
129,Siri,lastman,regular,https://cdn.discordapp.com/attachments/820978677172928574/874702956669313044/WST_lastman-Siri.png,un carcajou affamé,un flipbook avec un pingouin qui pêche,un câlin,sa casquette
130,Aelita,lyoko,regular,https://cdn.discordapp.com/attachments/820978677172928574/874774653057515561/WST_lyoko-Aelita.png,le Skidbladnir,un champ de force,des ailes,un sourire doux
131,Jérémie,lyoko,regular,https://cdn.discordapp.com/attachments/820978677172928574/874774654156406784/WST_lyoko-Jeremie.png,sa chaise de bureau,un clavier d'ordinateur mécanique,une trottinette,un froncement de sourcil
132,Odd,lyoko,regular,https://cdn.discordapp.com/attachments/820978677172928574/874774657260204102/WST_lyoko-Odd.png,son overboard,ses fléchettes,des gants violets,une grimace gênée
133,Ulrich,lyoko,regular,https://cdn.discordapp.com/attachments/820978677172928574/874774658522701934/WST_lyoko-Ulrich.png,son overbike,son katana,un bandeau jaune,un haussement de sourcil
134,Yumi,lyoko,regular,https://cdn.discordapp.com/attachments/820978677172928574/874774662054289478/WST_lyoko-Yumi.png,son overwing,ses éventails,un obi jaune,un regard concentré
135,Applejack,mlp,regular,https://cdn.discordapp.com/attachments/820978677172928574/874745595095580732/WST_mlp-applejack.png,une Zap-Apple,du cidre,une tarte au pomme,une pomme
136,Fluttershy,mlp,regular,https://cdn.discordapp.com/attachments/820978677172928574/874781216748998676/WST_mlp-FLUTTERSHY.png,une photo avec Discord,un animal du refuge de la Douce Plume,une après midi à boire le thé,un encouragement (yay)
137,Pinkie Pie,mlp,regular,https://cdn.discordapp.com/attachments/820978677172928574/874745602297196554/WST_mlp-pinkypie.png,le Chariot de Bienvenue à Ponyville,des ballons,un canon à confetti,des cupcakes
138,Rainbow Dash,mlp,regular,https://cdn.discordapp.com/attachments/820978677172928574/874745604000088094/WST_mlp-rainbowdash.png,un arc-en-ciel supersonique,une place chez les Wonderbolts,un trophée,un autographe
139,Rarity,mlp,regular,https://cdn.discordapp.com/attachments/820978677172928574/874745607917551726/WST_mlp-rarity.png,un rubis en forme de coeur,une robe de soirée,un chapeau de luxe,une écharpe
140,Twilight,mlp,regular,https://cdn.discordapp.com/attachments/820978677172928574/874745612690661426/WST_mlp-twilight.png,les Éléments d'Harmonie,la couronne de princesse,un livre,une plume et de l'encre
141,Blake Belladona,rwby,regular,https://cdn.discordapp.com/attachments/820978677172928574/874728432183935107/WST_rwby-blake.png,Gambol Shroud,un clone d'ombre,un livre romantique,un sourire mystérieux
142,Ruby Rose,rwby,low,https://cdn.discordapp.com/attachments/820978677172928574/874728436613124136/WST_rwby-ruby.png,Crescent Rose,un pétale de rose,des cookies,un sourire innocent
143,Weiss Schnee,rwby,regular,https://cdn.discordapp.com/attachments/820978677172928574/874728439003906068/WST_rwby-weiss.png,Myrtenaster,un chevalier de glace,un dépliant explicatif de la S.D.C.,un sourire condescendant
144,Yang Xiao Long,rwby,regular,https://cdn.discordapp.com/attachments/820978677172928574/874728444146122782/WST_rwby-yang.png,Ember Celica,une onde de choc enflammée,des lunettes de soleil type aviator,un sourire cabotin
145,Adora,spop,high,https://cdn.discordapp.com/attachments/820978677172928574/874747522713788496/WST_spop-adora.png,l'épée de protection,un tour avec Swiftwing,une veste rouge avec un grand col beige,une question
146,Bow,spop,high,https://cdn.discordapp.com/attachments/820978677172928574/874741968167637052/WST_spop-bow.png,son arc et un assortiment de flèches faites maison,son tracker de technologie des fondateurs,un crop top avec les coutures dorées,un compliment
147,Catra,spop,regular,https://cdn.discordapp.com/attachments/820978677172928574/874741969660813322/WST_spop-catra.png,une rédemption un peu trop tardive,un tour sur le dos de Melog,un badge de capitaine de la Horde,un sarcasme
148,Glimmer,spop,low,https://cdn.discordapp.com/attachments/820978677172928574/874741972978516018/WST_spop-glimmer.png,le sceptre de Brightmoon,une téléportation où tu veux,une cape scintillante,un scintillement
149,Marco,star,regular,https://cdn.discordapp.com/attachments/820978677172928574/874733557959000125/WST_star-marco.png,sa ceinture rouge de karaté,des ciseaux dimensionnels,des nachos qu'il a fait lui même,un sweat à capuche rouge
150,Star,star,regular,https://cdn.discordapp.com/attachments/820978677172928574/874733560270049310/WST_star-star.png,sa baguette : tu rejoins la Royauté de Mewni,un miroir de communication,un chiot-laser,un serre-tête rouge avec des cornes
151,Amethyst,su,high,https://cdn.discordapp.com/attachments/820978677172928574/874384472672469032/WST_SU-Amethyst.png,son burrito,une part de pizza,des restes de frites,des détritus
152,Bismuth,su,regular,https://cdn.discordapp.com/attachments/820978677172928574/874384476996796436/WST_SU-Bismuth.png,un rendez-vous à la patinoire,un objet forgé spécialement par elle,une tape sur l'épaule,un jeu de mot sur son business
153,Connie,su,regular,https://cdn.discordapp.com/attachments/820978677172928574/874384479580459088/WST_SU-Connie.png,son épée forgée par Bismuth,un papillon,un manuel d'étude,un jam
154,Garnet,su,high,https://cdn.discordapp.com/attachments/820978677172928574/874384482252251146/WST_SU-Garnet.png,une apparition dans un crossover,un discours passionné sur les fusions,une vision du futur,une histoire
155,Greg,su,low,https://cdn.discordapp.com/attachments/820978677172928574/874384484798201897/WST_SU-Greg.png,son van Mr. Universe (laisse-le entrer dans ton coeur),une chanson père-fils,un bon pour laver ta voiture,de la crème solaire
156,Lapis-Lazuli,su,regular,https://cdn.discordapp.com/attachments/820978677172928574/874384487813902356/WST_SU-LapisLazuli.png,la grange de Lapis et Peridot,VRAIMENT beaucoup d'eau,beaucoup d'eau,de l'eau
157,Lars,su,regular,https://cdn.discordapp.com/attachments/820978677172928574/874384491857215569/WST_SU-LArs.png,sa cape Lars of the Stars,une part de gâteau fait-maison,une place pour un match de catch,un donut
158,Pearl,su,high,https://cdn.discordapp.com/attachments/820978677172928574/874384495032291378/WST_SU-Pearl.png,son numéro de téléphone,un cours d'escrime,un haut de forme,de la bande adhésive
159,Peridot,su,regular,https://cdn.discordapp.com/attachments/820978677172928574/874384497565646889/WST_SU-Peridot.png,ses amplificateurs de membres,des connaissances sur la Garderie,un meep morp,du vocabulaire du Monde des Gemmes
160,Steven,su,high,https://cdn.discordapp.com/attachments/820978677172928574/874384500342288384/WST_SU-Steven.png,un Cookie Chaton - Le Meilleur Ami de ton bidon !,un sac à dos Burger,une chanson,une figurine
161,Cassandra,tangled,regular,https://cdn.discordapp.com/attachments/820978677172928574/874757556785004554/WST_tangled-cass.png,une grande épée en pic de roche noire,Owl,une épée,une expression neutre
162,Eugène,tangled,regular,https://cdn.discordapp.com/attachments/820978677172928574/874757557502222346/WST_tangled-eugene.png,son uniforme de Capitaine de la Garde Royale de Corona,Maximus,un avis de recherche à son effigie,un clin d'oeil
163,Raiponce,tangled,regular,https://cdn.discordapp.com/attachments/820978677172928574/874757560782188544/WST_tangled-rapunzel.png,la couronne de Corona,Pascal,une poêle,un sourire radieux et généreux
164,Amaya,tdp,regular,https://cdn.discordapp.com/attachments/820978677172928574/874400719069933598/WST_TDP-Amaya.png,son grand bouclier,un cours de langue des signes katolienne,un cours d'escrime,un sourire fier
165,Callum,tdp,high,https://cdn.discordapp.com/attachments/820978677172928574/874399677267722320/WST_TDP-Callum.png,la clef d'Aaravos,une pierre primale du ciel,un glyphe de Fulminis,son écharpe rouge
166,Ezran,tdp,high,https://cdn.discordapp.com/attachments/820978677172928574/874399682263134208/WST_TDP-Ezran.png,la couronne de Katolis,un calin de Zym,un calin de Bait,une tartelette à la gelée
167,Rayla,tdp,low,https://cdn.discordapp.com/attachments/820978677172928574/874399685996068894/WST_TDP-Raylla.png,ses lames jumelles,un uniforme de la Garde du Dragon,une imitation d'humain très convaincante (ou pas),son amulette d'opale de Lune
168,Asami,tlokcf,regular,https://cdn.discordapp.com/attachments/820978677172928574/874779752349696040/WST_tlok-asami.png,une leçon privée de conduite (mais Korra est sur le siège arrière ?),un trajet en scooter,un sponsor,un autographe sur un papier à en-tête de Future Industries
169,Bolin,tlokcf,regular,https://cdn.discordapp.com/attachments/820978677172928574/874779755549966466/WST_tlok-bolin.png,une séance photo avec Pabu,un trajet sur le Zhu Li III (prêté par Varrick),un disque de pro-bending,un autographe de Nuktuk - le héros du Sud
170,Korra,tlokcf,regular,https://cdn.discordapp.com/attachments/820978677172928574/874779757269622834/WST_tlok-korra.png,une visite privée du monde des esprits (mais Asami est là aussi ?),un trajet sur Naga,une tenue de pro-bending bleue,un autographe de l'Avatar
171,Mako,tlokcf,regular,https://cdn.discordapp.com/attachments/820978677172928574/874779760096583740/WST_tlok-mako.png,ses services de garde du corps,un trajet en satomobile de la police,son brassard de capitaine,un autographe du capitaine des Fire Ferrets
172,Amity,toh,regular,https://cdn.discordapp.com/attachments/820978677172928574/874332764021854237/WST_TOH-Amity.png,de la teinture couleur barbapapa,la lecture d'un livre (en faisant les voix),un rougissement,une prestation d'abomination
173,Eda,toh,low,https://cdn.discordapp.com/attachments/820978677172928574/873594864544149564/WST_TOH-Eda.png,ta propre cape en laine de sorcière,un t-shirt du Bad Girl Coven,un poster de recherche dédicacé,un coup de main (littéral : elle te donne sa main)
174,Gus,toh,regular,https://cdn.discordapp.com/attachments/820978677172928574/874332733734780948/WST_TOH-Gus.png,la couronne de président du club d'appréciation des humains,son interview exclusive avec Hooty,un tronc-baune pour écouter le bruit de l'océan,une illusion
175,Hooty,toh,high,https://cdn.discordapp.com/attachments/820978677172928574/874332737023119420/WST_TOH-Hooty.png,un HOOT-HOOT !,un surnom : vous êtes son/sa meilleur.e ami.e,un coup de main pour ameliorer ta vie,une apparition BEAUCOUP TROP inopinée
176,King,toh,regular,https://cdn.discordapp.com/attachments/820978677172928574/874332743620784308/WST_TOH-King.png,sa couronne,un cours de démonologie,un cri mignon,un ordre
177,Luz,toh,regular,https://cdn.discordapp.com/attachments/820978677172928574/874332749618626560/WST_TOH-Luz.png,un dessin d'Amity,une fanfiction sur Azura,un glyphe de lumière,un lancer de confettis dramatique
178,Willow,toh,regular,https://cdn.discordapp.com/attachments/820978677172928574/874332755398369350/WST_TOH-Willow.png,une invitation pour L'Invocation au Clair de Lune,sa barrette,une photo d'enfance,une fleur
179,Adamaï,wakfu,low,https://cdn.discordapp.com/attachments/820978677172928574/874711267154214952/WST_wakfu-Adamai.png,l'oeuf de Grougaloragran,une leçon de Grougaloragran,une écaille de dragon,une énigme qui rime
180,Amalia,wakfu,regular,https://cdn.discordapp.com/attachments/820978677172928574/874711300977074206/WST_wakfu-Amalia.png,la couronne Sadida,une poupée Sadida,un sac Sadida à la mode de Bonta,une rose démoniaque
181,Evangeline,wakfu,regular,https://cdn.discordapp.com/attachments/820978677172928574/874711306849120296/WST_wakfu-Eva.png,son arc à invocations,une flèche explosive,une flèche lumineuse,une flèche normale
182,Ruel,wakfu,regular,https://cdn.discordapp.com/attachments/820978677172928574/874711309587992596/WST_wakfu-Ruel.png,un Kama,une réplique de son Havre-sac (senteur garantie similaire à l'originale),un ballon de Boufbowl,une pelle
183,Tristepin,wakfu,regular,https://cdn.discordapp.com/attachments/820978677172928574/874711306811359282/WST_wakfu-Pinpin.png,"Rubilax, son shushu",les pouvoirs du dieu Iop,un plan d'action avec 1 étape : on fonce dans le tas,un pain (le pain de pinpin)
184,Yugo,wakfu,high,https://cdn.discordapp.com/attachments/820978677172928574/874711312905674773/WST_wakfu-Yugo.png,l'Éliacube,un bonnet Eliatrope,Tofuyugo,un oeuf de Tofu
185,Une princesse,oct21,event,https://cdn.discordapp.com/attachments/820978677172928574/892887926453698590/WST_Princesse.png,sa robe de princesse,sa poitrine en pomme ,une mèche de sa perruque,un rouge à lèvres
186,Une sorcière,oct21,event,https://cdn.discordapp.com/attachments/820978677172928574/892887940651417650/WST_Sorciere.png,l'emplaçement de son coven,un sort ! (et non pas des bonbons),un balai de sorcière,un chapeau pointu
187,Des jumeaux en pot,oct21,event,https://cdn.discordapp.com/attachments/820978677172928574/892887909605212180/WST_PBJ.png,un sandwich PB&J,"un hurlement : ""Jumeaux !!!""",un sac de bonbons rempli,une danse ridicule
188,Une abomination,oct21,event,https://cdn.discordapp.com/attachments/820978677172928574/892887872733065216/WST_Abomination.png,un bannissement d'Hexside,un jeu de mot : tu es sa maman-bomination,un salut,une fugue
189,Un détective,oct21,event,https://cdn.discordapp.com/attachments/820978677172928574/892887885387268136/WST_Detective.png,un chant avec une voix suave,sa force extra-ordianire,une veste avec quatre manches,deux paires de bras
190,Un cowboy,oct21,event,https://cdn.discordapp.com/attachments/820978677172928574/892887881125888050/WST_Cowboy.png,un karaoké enflammé,un sac à dos plein de soda,"une canette de soda ""baies explosives""",un chapeau
191,Un petit cobwoy rouge,oct21,event,https://cdn.discordapp.com/attachments/820978677172928574/893099836201660416/WST_PetitCowboyRouge.png,une question importante,une chanson de country solo,un tour sur chevamethyst,un lasso
192,Wang Feu,oct21,event,https://cdn.discordapp.com/attachments/820978677172928574/892887946481524747/WST_WangFire.png,une correction dont tu te souviendras toute ta vie,des postillons de colère,une présentation de sa femme,un sourcil levé
193,Le Diable,oct21,event,https://cdn.discordapp.com/attachments/820978677172928574/893101454619992084/WST_Diable.png,un trident maléfique en plastique,l'âme d'une écrevisse de Boston,une paire de petites ailes noires,un cheveu roux
194,Un samourai,oct21,event,https://cdn.discordapp.com/attachments/820978677172928574/892887930308280360/WST_Samurai.png,un tuto pour faire ton propre chonmage,un katana,un kimono,une paire de geta
195,Des étudiantes,oct21,event,https://cdn.discordapp.com/attachments/820978677172928574/892887894493118484/WST_Etudiantes.png,une confrontation avec le doyen de la fac,un bracelet pour rentrer à la fête du BDE,une visite du campus,du fond de teint
196,Une boite de cornichons,oct21,event,https://cdn.discordapp.com/attachments/820978677172928574/892887877967568936/WST_BoiteCornichon.png,des cornichons,des cornichons,des cornichons,des cornichons
197,Un humain,oct21,event,https://cdn.discordapp.com/attachments/820978677172928574/892887905117298728/WST_Humaine.png,des armes d'humain,des habits d'humain,une discussion normale d'humain,un salut d'humain
198,Un elfe,oct21,event,https://cdn.discordapp.com/attachments/820978677172928574/892887891204767784/WST_Elfe.png,de la magie d'elfe,des habits d'elfe,une discussion normale d'elfe,un salut d'elfe
199,Un poulet,oct21,event,https://cdn.discordapp.com/attachments/820978677172928574/892887921005309962/WST_Poulet.png,une part de son butin en bonbons,une chasse aux bonbons,une course effrénée ,un cri de poulet
200,Un agent secret,oct21,event,https://cdn.discordapp.com/attachments/820978677172928574/893099857789722634/WST_AgentSecret.png,ta propre chanson thématique,son chapeau,une entrée fracassante,"un bruit étrange : ""brrrrrrr"""
201,Un zombie,oct21,event,https://cdn.discordapp.com/attachments/820978677172928574/893099841125761034/WST_Zombie.png,une bouteille de déodorant Brutal,des tickets d'arcade,une journée au centre commercial,"un pantalon qui ""fait fille"""
202,Flynn Rider,oct21,event,https://cdn.discordapp.com/attachments/820978677172928574/892887899585007636/WST_FlyynRider.png,une bague qu'il a dérobé,une imitation de Flynn Rider,un avis de recherche de Flynn Rider,un sourire suffisant
203,She-Ra,oct21,event,https://cdn.discordapp.com/attachments/820978677172928574/892887935073005669/WST_SheRa.png,une diversion très efficace,une incantation ratée pour convoquer l'épée de protection,un tour de deux secondes avec Swiftwing,un clin d'oeil
204,Sissi,oct21,event,https://cdn.discordapp.com/attachments/820978677172928574/893099846335078450/WST_Sissi.png,un poème volé à Ulrich,une robe bleue,de la poudre à maquillage,une moquerie
205,Sabrina,sabrina,regular,https://cdn.discordapp.com/attachments/820978677172928574/892887501583319070/WST_Sabrina.png,ton propre tatouage de demi-sorcière,un sort du Génie de la Boîte,une paire de boucles d'oreille soleil et lune,sa barrette
206,Salem,sabrina,regular,https://cdn.discordapp.com/attachments/820978677172928574/892887505844727818/WST_Salem.png,son peignoir rouge en velours à bordure capitonée,sa pipe,son collier à gemme,des poils
207,Harvey,sabrina,regular,https://cdn.discordapp.com/attachments/820978677172928574/892887499393875988/WST_Harvey.png,son vélo,son skateboard,une partie de jeu d'arcade avec lui,un t-shirt avec un alien dessus
208,Danny ,danny,regular,https://cdn.discordapp.com/attachments/820978677172928574/892887549633249342/WST_DannyPhantom.png,le Portail Fantome Fenton™,un thermos Fenton™,de la teinture pour cheveux,de l'ectoplasme
209,Scooby-Doo,scooby,regular,https://cdn.discordapp.com/attachments/820978677172928574/892887602020102144/WST_ScoobyDoo.png,une boîte de croc-scooby ,"son célèbre cri ""Scooby-doo bidoo bidoo !""",une fuite face à un monstre,un sandwich de 10 étages
210,Sammy,scooby,regular,https://cdn.discordapp.com/attachments/820978677172928574/892887595586027521/WST_Samy.png,une photo de lui et Scooby,un cours de cuisine,le visionnage d'un film d'horreur avec lui,une part de pizza
211,Fred,scooby,regular,https://cdn.discordapp.com/attachments/820978677172928574/892887592176066571/WST_Fred.png,le plan de son tout nouveau piège,un tour en Mystery Machine,une loupe et lampe UV,un filet
212,Daphné,scooby,regular,https://cdn.discordapp.com/attachments/820978677172928574/892887590041190460/WST_Daphne.png,un tour sur le bateau de ses parents,une séance de shopping,un bandeau,une lampe torche
213,Véra,scooby,regular,https://cdn.discordapp.com/attachments/820978677172928574/892887606260531230/WST_Vera.png,le lien de son blog,un cours d'histoire sur Crystal Cove,son livre de physique-chimie,le mot de passe du wifi
214,Petite Mort,petitemort,regular,https://cdn.discordapp.com/attachments/820978677172928574/892887649629638717/WST_petitemort.png,un bouquet d'œillets,une figurine Hello Kittu,un permis de fauche accompagnée,un appel au poissophone
215,Ludovic,petitemort,regular,https://cdn.discordapp.com/attachments/820978677172928574/892887636304330832/WST_Ludovic.png,le dernier jeu porc-émon,une visite des 4 merveilles du monde,des éclairs à la vanille,un menu Waldo
216,Maman Mort,petitemort,regular,https://cdn.discordapp.com/attachments/820978677172928574/892887638586044477/WST_mamanMort.png,l'histoire sur le cycle de la mort,un chat qui fait meuh,un passage de l'examen de fauche imaginaire,des pelottes de laine
217,Papa Mort,petitemort,regular,https://cdn.discordapp.com/attachments/820978677172928574/892887641417220116/WST_papaMort.png,une éducation la plus humaine possible,une poissomontre connectée,un jeu de mot sur la mort,un aller-retour au réfrigérium
218,Pépé Mort,petitemort,regular,https://cdn.discordapp.com/attachments/820978677172928574/892887646542643240/WST_pepeMort.png,un défi avec le GrandTout,un journal So Death,un séjour dans le placard,une fauche
219,Bouffe-Tout,gb,regular,https://cdn.discordapp.com/attachments/820978677172928574/892887689605554216/WST_slimer.png,du slime,du slime,du slime,du slime
220,Jaz,espritsf,regular,https://cdn.discordapp.com/attachments/820978677172928574/893099851959636038/WST_Jaz.png,un cours sur comment amadouer un fantôme ,un badge d'Inspecteur du département des enquêtes surnaturelles,une chemise bleu ciel,une cravate
221,Lucie,espritsf,regular,https://cdn.discordapp.com/attachments/820978677172928574/892887789945880576/WST_Lucie.png,une interview exclusive menée par elle,une carte de presse,un pull à col roulé blanc,un bloc-note 
222,Martin,martin,regular,https://cdn.discordapp.com/attachments/820978677172928574/892887830748102697/WST_Martin.png,un chrono-scan mis au point par le Centre,un echantillon de mucus,une chemise jaune et rouge,une tentative de drague
223,Diana,martin,regular,https://cdn.discordapp.com/attachments/820978677172928574/892887824980901898/WST_Diana.png,une déduction qui tombe à pic,de faire l'appat pour ta prochaine mission,une de ses barrettes,son agacement
224,Java,martin,regular,https://cdn.discordapp.com/attachments/820978677172928574/892887826826399764/WST_Java.png,un tour de force (littéralement),son collier avec une dent de requin,son chapeau de cantinier,un sourire penaud
225,Un détective,spook21,event,https://cdn.discordapp.com/attachments/820978677172928574/884908508468883506/WST_DetectiveSokka.png,une déduction basée sur des preuves irréfutables,un monocle,une pipe à bulles,une hypothèse
226,Bonzu Pépindepomopsokopolis,spook21,event,https://cdn.discordapp.com/attachments/820978677172928574/884908502907232266/WST_Bonzu.png,"ses bagages, en te remerciant",sa moustache,une touffe de poils blancs,une remontrance de boomer
227,L'esprit bleu,spook21,event,https://cdn.discordapp.com/attachments/820978677172928574/884908513116164187/WST_EspritBleu.png,un masque du sombre esprit de l'eau,les plans de la base Ponhuai,un sauvetage,une flèche d'archer Yuyan
228,"Nuktuk, le héros du Sud",spook21,event,https://cdn.discordapp.com/attachments/820978677172928574/884908531071975444/WST_Nuktuk.png,un placement de produit de Varrick,des effets spéciaux incroyables,un panda arctique,un raton-laveur des neiges
229,Un ours ornithorynque,spook21,event,https://cdn.discordapp.com/attachments/820978677172928574/884908544900608020/WST_OursOrnithorynque.png,un camouflage à toute épreuve,une tasse de thé,une liasse de Yuans,de la visibilité
230,Saphir Feu,spook21,event,https://cdn.discordapp.com/attachments/820978677172928574/884909832203812884/WST_SaphirFeu.png,une autorisation pour organiser une boum à la maison,la moustache de son mari Wang,un coussin bombé,un regard surpris
231,Un maître de la neige,spook21,event,https://cdn.discordapp.com/attachments/820978677172928574/884908550554525736/WST_Snowbender.png,une tempête de neige,un tas de neige,une boule de neige,un flocon de neige
232,Korra,spook21,event,https://cdn.discordapp.com/attachments/820978677172928574/884908517734096936/WST_KorraCosplay.png,un soutien sans faille,une tunique bleu effilée,des élastiques à cheveux bon marché,ses lunettes
233,Mako,spook21,event,https://cdn.discordapp.com/attachments/820978677172928574/884908523371233281/WST_MakoCosplay.png,une écharpe rouge délavée,un cosplay de fire-ferret fait-maison,des faux sourcils,du popcorn
234,Toph,spook21,event,https://cdn.discordapp.com/attachments/820978677172928574/884908561019322408/WST_TophCosplay.png,l'origine de son nom : Il est dur,sa force,un cri strident,une grande inspiration
235,Un buisson,spook21,event,https://cdn.discordapp.com/attachments/820978677172928574/884908504886956072/WST_Bushy.png,un bain de terre près de l'Oasis des esprits,une moustache en buisson,une chute dans un buisson,son odeur d'humain
236,Esprit corrompu,esprits,high,https://cdn.discordapp.com/attachments/820978677172928574/884897846623608873/WST_EspritCorrompu.png,la corruption de ton esprit,la destruction de ta maison,une résistance à toute maîtrise,un regard flashy
237,Hei Bai,esprits,low,https://cdn.discordapp.com/attachments/820978677172928574/884897853896531998/WST_HeiBai.png,sa confiance,une statue de lui,une pousse de bambou,un bout de bois calciné
238,Dragon-oiseau,esprits,low,https://cdn.discordapp.com/attachments/820978677172928574/892155779891728384/WST_DragonBird.png,une séance de baby-sitting gratuite,le droit de caresser un de ses bébés,la localisation de son nid,un jumpscare
239,Bum-Ju,esprits,low,https://cdn.discordapp.com/attachments/820978677172928574/884897835399647312/WST_BumJu.png,son soutien sans failles,le manteau de Bumi,un pull en laine rose tricotté main,un battement d'ailes excité
240,Aye-aye,esprits,low,https://cdn.discordapp.com/attachments/820978677172928574/884897830219689984/WST_AyeAye.png,une place pour l'oasis aux esprits,une possession,une remarque condescendante,un tour de téléportation
241,Tui & La,esprits,low,https://cdn.discordapp.com/attachments/820978677172928574/884897879821525062/WST_TuiLA.png,un clair de lune paisible,des cheveux blancs,une écaille,des bulles
242,Un renard-esprit,esprits,low,https://cdn.discordapp.com/attachments/820978677172928574/884897871986581504/WST_RenardEsprit.png,un livre que tu n'as pas lu,une fake news,un couinement mignon,un regard inexpressif
243,L'esprit babouin,esprits,low,https://cdn.discordapp.com/attachments/820978677172928574/884897841535930428/WST_EspritBabouin.png,une méditation bien méritée,une luciole spirituelle,un agacement prononcé,l'ordre de partir immédiatement
244,Le Radis-lotus,esprits,low,https://cdn.discordapp.com/attachments/820978677172928574/884897865820958740/WST_RadisLotus.png,une feuille de lotus spirituelle,une blague méta sur base de lotus,une partie de Pai Sho,un manuel sur les bases du Pai Sho
245,Raava et Vaatu,esprits,low,https://cdn.discordapp.com/attachments/820978677172928574/884897859714056333/WST_RaavaVaatu.png,une convergence harmonique,"une réprimande, mêle toi de ce qui te regarde",un esprit corrompu,un noeud à défaire
246,Iroh,esprits,low,https://cdn.discordapp.com/attachments/820978677172928574/892155773986148422/WST_IrohSpirit.png,une croissance de 14 ans en trois minutes,une résidence secondaire dans le monde spirituel,la théière de Wan avec du bon thé,un gâteau spirituel